attribute,group,group_column,group_value,group_label,sample_size,min_group_size,accuracy,precision,recall,f1,false_positive_rate,false_negative_rate,selection_rate,risk_percentage,high_risk_actual_count,high_risk_predicted_count,high_risk_false_negative_count,high_risk_false_negative_rate,high_risk_selection_rate,overall_accuracy,overall_f1,overall_false_negative_rate,overall_selection_rate,overall_high_risk_false_negative_rate,accuracy_gap,f1_gap,false_negative_rate_gap,selection_rate_gap,fairness_flag,notes
RIAGENDR,1,RIAGENDR,1,Male,785,20,0.9924,0.9929,0.9924,0.9925,0.0019,0.0076,0.1936,19.3631,53,53,1,0.0189,0.0675,0.9913,0.9913,0.0087,0.2525,0.0196,0.001,0.0012,-0.001,-0.0589,OK,No major disparity detected.
RIAGENDR,2,RIAGENDR,2,Female,827,20,0.9903,0.9902,0.9903,0.9902,0.0024,0.0097,0.3083,30.8343,100,98,2,0.02,0.1185,0.9913,0.9913,0.0087,0.2525,0.0196,-0.001,-0.0011,0.001,0.0559,OK,No major disparity detected.
AGE_GROUP,18-29,AGE_GROUP,18-29,18-29,338,20,0.9852,0.9872,0.9852,0.9857,0.0037,0.0148,0.2308,23.0769,28,28,1,0.0357,0.0828,0.9913,0.9913,0.0087,0.2525,0.0196,-0.0061,-0.0055,0.0061,-0.0217,OK,No major disparity detected.
AGE_GROUP,30-44,AGE_GROUP,30-44,30-44,394,20,0.9949,0.9958,0.9949,0.9946,0.0013,0.0051,0.2259,22.5888,36,36,0,0.0,0.0914,0.9913,0.9913,0.0087,0.2525,0.0196,0.0036,0.0034,-0.0036,-0.0266,OK,No major disparity detected.
AGE_GROUP,45-59,AGE_GROUP,45-59,45-59,376,20,0.9867,0.9865,0.9867,0.9863,0.0033,0.0133,0.2899,28.9894,38,37,1,0.0263,0.0984,0.9913,0.9913,0.0087,0.2525,0.0196,-0.0046,-0.005,0.0046,0.0374,OK,No major disparity detected.
AGE_GROUP,60+,AGE_GROUP,60+,60+,504,20,0.996,0.9961,0.996,0.996,0.001,0.004,0.2599,25.9921,51,50,1,0.0196,0.0992,0.9913,0.9913,0.0087,0.2525,0.0196,0.0047,0.0047,-0.0047,0.0074,OK,No major disparity detected.
RIDRETH1,1,RIDRETH1,1,Mexican American,219,20,0.9954,0.9966,0.9954,0.9957,0.0011,0.0046,0.274,27.3973,21,21,0,0.0,0.0959,0.9913,0.9913,0.0087,0.2525,0.0196,0.0041,0.0044,-0.0041,0.0215,OK,No major disparity detected.
RIDRETH1,2,RIDRETH1,2,Other Hispanic,136,20,0.9706,0.972,0.9706,0.9701,0.0074,0.0294,0.2868,28.6765,20,18,2,0.1,0.1324,0.9913,0.9913,0.0087,0.2525,0.0196,-0.0207,-0.0211,0.0207,0.0343,OK,No major disparity detected.
RIDRETH1,3,RIDRETH1,3,Non-Hispanic White,738,20,0.9932,0.9932,0.9932,0.9931,0.0017,0.0068,0.2507,25.0678,72,72,0,0.0,0.0976,0.9913,0.9913,0.0087,0.2525,0.0196,0.0019,0.0019,-0.0019,-0.0018,OK,No major disparity detected.
RIDRETH1,4,RIDRETH1,4,Non-Hispanic Black,312,20,0.9904,0.992,0.9904,0.9909,0.0024,0.0096,0.2692,26.9231,27,28,0,0.0,0.0897,0.9913,0.9913,0.0087,0.2525,0.0196,-0.0009,-0.0004,0.0009,0.0167,OK,No major disparity detected.
RIDRETH1,5,RIDRETH1,5,Other Race / Multi-Racial,207,20,0.9952,0.9953,0.9952,0.995,0.0012,0.0048,0.1884,18.8406,13,12,1,0.0769,0.058,0.9913,0.9913,0.0087,0.2525,0.0196,0.0039,0.0037,-0.0039,-0.0641,OK,No major disparity detected.
INDHHIN2,1.0,INDHHIN2,1.0,"$0 to $4,999",30,20,0.9667,0.9714,0.9667,0.9624,0.0083,0.0333,0.3667,36.6667,5,4,1,0.2,0.1333,0.9913,0.9913,0.0087,0.2525,0.0196,-0.0246,-0.0289,0.0246,0.1142,Warning,False negative rate is higher than overall; clinical review recommended.
INDHHIN2,10.0,INDHHIN2,10.0,"$65,000 to $74,999",64,20,1.0,1.0,1.0,1.0,0.0,0.0,0.2188,21.875,5,5,0,0.0,0.0781,0.9913,0.9913,0.0087,0.2525,0.0196,0.0087,0.0087,-0.0087,-0.0337,OK,No major disparity detected.
INDHHIN2,12.0,INDHHIN2,12.0,"$20,000 and over",57,20,1.0,1.0,1.0,1.0,0.0,0.0,0.3158,31.5789,5,5,0,0.0,0.0877,0.9913,0.9913,0.0087,0.2525,0.0196,0.0087,0.0087,-0.0087,0.0633,OK,No major disparity detected.
INDHHIN2,13.0,INDHHIN2,13.0,"Under $20,000",19,20,0.9474,1.0,0.9474,0.9684,0.0132,0.0526,0.3158,31.5789,4,4,0,0.0,0.2105,0.9913,0.9913,0.0087,0.2525,0.0196,-0.0439,-0.0229,0.0439,0.0633,Low Sample Size,Group has fewer than 20 records; interpret with caution.
INDHHIN2,14.0,INDHHIN2,14.0,"$75,000 to $99,999",144,20,0.9931,0.9934,0.9931,0.992,0.0017,0.0069,0.1736,17.3611,3,2,1,0.3333,0.0139,0.9913,0.9913,0.0087,0.2525,0.0196,0.0017,0.0007,-0.0017,-0.0789,Warning,False negative rate is higher than overall; clinical review recommended.
INDHHIN2,15.0,INDHHIN2,15.0,"$100,000 and over",319,20,1.0,1.0,1.0,1.0,0.0,0.0,0.1505,15.047,15,15,0,0.0,0.047,0.9913,0.9913,0.0087,0.2525,0.0196,0.0087,0.0087,-0.0087,-0.102,OK,No major disparity detected.
INDHHIN2,2.0,INDHHIN2,2.0,"$5,000 to $9,999",62,20,0.9839,0.9855,0.9839,0.9838,0.004,0.0161,0.3387,33.871,12,11,1,0.0833,0.1774,0.9913,0.9913,0.0087,0.2525,0.0196,-0.0074,-0.0075,0.0074,0.0862,OK,No major disparity detected.
INDHHIN2,3.0,INDHHIN2,3.0,"$10,000 to $14,999",94,20,0.9894,0.9905,0.9894,0.9893,0.0027,0.0106,0.383,38.2979,17,17,0,0.0,0.1809,0.9913,0.9913,0.0087,0.2525,0.0196,-0.002,-0.002,0.002,0.1305,OK,No major disparity detected.
INDHHIN2,4.0,INDHHIN2,4.0,"$15,000 to $19,999",100,20,0.98,0.9817,0.98,0.9803,0.005,0.02,0.34,34.0,18,19,0,0.0,0.19,0.9913,0.9913,0.0087,0.2525,0.0196,-0.0113,-0.011,0.0113,0.0875,OK,No major disparity detected.
INDHHIN2,5.0,INDHHIN2,5.0,"$20,000 to $24,999",131,20,0.9924,0.9931,0.9924,0.992,0.0019,0.0076,0.2748,27.4809,15,15,0,0.0,0.1145,0.9913,0.9913,0.0087,0.2525,0.0196,0.0011,0.0007,-0.0011,0.0223,OK,No major disparity detected.
INDHHIN2,6.0,INDHHIN2,6.0,"$25,000 to $34,999",152,20,0.9868,0.9868,0.9868,0.9868,0.0033,0.0132,0.3092,30.9211,17,17,0,0.0,0.1118,0.9913,0.9913,0.0087,0.2525,0.0196,-0.0045,-0.0044,0.0045,0.0567,OK,No major disparity detected.
INDHHIN2,7.0,INDHHIN2,7.0,"$35,000 to $44,999",157,20,0.9809,0.9808,0.9809,0.9805,0.0048,0.0191,0.3121,31.2102,19,19,0,0.0,0.121,0.9913,0.9913,0.0087,0.2525,0.0196,-0.0104,-0.0108,0.0104,0.0596,OK,No major disparity detected.
INDHHIN2,8.0,INDHHIN2,8.0,"$45,000 to $54,999",127,20,0.9921,0.9961,0.9921,0.9931,0.002,0.0079,0.2205,22.0472,8,8,0,0.0,0.063,0.9913,0.9913,0.0087,0.2525,0.0196,0.0008,0.0018,-0.0008,-0.032,OK,No major disparity detected.
INDHHIN2,9.0,INDHHIN2,9.0,"$55,000 to $64,999",83,20,1.0,1.0,1.0,1.0,0.0,0.0,0.1807,18.0723,6,6,0,0.0,0.0723,0.9913,0.9913,0.0087,0.2525,0.0196,0.0087,0.0087,-0.0087,-0.0718,OK,No major disparity detected.
INDHHIN2,__MISSING__,INDHHIN2,__MISSING__,Unknown,73,20,1.0,1.0,1.0,1.0,0.0,0.0,0.2603,26.0274,4,4,0,0.0,0.0548,0.9913,0.9913,0.0087,0.2525,0.0196,0.0087,0.0087,-0.0087,0.0078,OK,"No major disparity detected. Demographic value is missing, refused, or unknown."
DMDEDUC2,1.0,DMDEDUC2,1.0,Less than 9th grade,95,20,0.9895,0.9902,0.9895,0.9889,0.0026,0.0105,0.4,40.0,18,18,0,0.0,0.1895,0.9913,0.9913,0.0087,0.2525,0.0196,-0.0018,-0.0024,0.0018,0.1475,OK,No major disparity detected.
DMDEDUC2,2.0,DMDEDUC2,2.0,9th-11th grade,196,20,0.9898,0.9898,0.9898,0.9898,0.0026,0.0102,0.2806,28.0612,22,22,0,0.0,0.1122,0.9913,0.9913,0.0087,0.2525,0.0196,-0.0015,-0.0015,0.0015,0.0281,OK,No major disparity detected.
DMDEDUC2,3.0,DMDEDUC2,3.0,High school graduate/GED,348,20,0.9885,0.9894,0.9885,0.9882,0.0029,0.0115,0.2931,29.3103,37,35,2,0.0541,0.1006,0.9913,0.9913,0.0087,0.2525,0.0196,-0.0028,-0.0031,0.0028,0.0406,OK,No major disparity detected.
DMDEDUC2,4.0,DMDEDUC2,4.0,Some college/AA degree,476,20,0.9916,0.9917,0.9916,0.9915,0.0021,0.0084,0.2815,28.1513,51,50,1,0.0196,0.105,0.9913,0.9913,0.0087,0.2525,0.0196,0.0003,0.0002,-0.0003,0.029,OK,No major disparity detected.
DMDEDUC2,5.0,DMDEDUC2,5.0,College graduate or above,392,20,0.9949,0.9964,0.9949,0.9947,0.0013,0.0051,0.1505,15.051,19,19,0,0.0,0.0485,0.9913,0.9913,0.0087,0.2525,0.0196,0.0036,0.0034,-0.0036,-0.102,OK,No major disparity detected.
DMDEDUC2,__MISSING__,DMDEDUC2,__MISSING__,Unknown,105,20,0.9905,0.9918,0.9905,0.9907,0.0024,0.0095,0.181,18.0952,6,7,0,0.0,0.0667,0.9913,0.9913,0.0087,0.2525,0.0196,-0.0008,-0.0006,0.0008,-0.0715,OK,"No major disparity detected. Demographic value is missing, refused, or unknown."
